{
  "method": "apdp_rtfl",
  "label": "APDP-RTFL",
  "reference": "",
  "participation_policy": "all",
  "ablation_scenario": "",
  "regulatory_enabled": false,
  "pollution_enabled": false,
  "fairness_enabled": false,
  "contribution_enabled": false,
  "synthetic_sensitive_metadata": [],
  "rounds": [
    1,
    2
  ],
  "accuracies": [
    0.05,
    0.07
  ],
  "balanced_accuracies": [
    0.09126984126984128,
    0.057539682539682536
  ],
  "f1_scores": [
    0.06666666666666667,
    0.06345755693581781
  ],
  "precisions": [
    0.059782608695652176,
    0.09057971014492752
  ],
  "recalls": [
    0.08333333333333333,
    0.05253623188405797
  ],
  "aucs": [
    null,
    null
  ],
  "round_durations": [
    0.6211206912994385,
    0.5543258190155029
  ],
  "agg_client_counts": [
    5,
    5
  ],
  "selected_client_counts": [
    5,
    5
  ],
  "dp_noise_scales": [
    0.033067106147854394,
    0.033067106147854394
  ],
  "zkip_failures": [
    0,
    0
  ],
  "delta_norms": [
    0.07311736250067195,
    0.07499354225204954
  ],
  "ebcd_alerts": [
    0,
    0
  ],
  "tcm_counts": [
    1,
    2
  ],
  "per_client_update_norms": [
    [
      0.08772291621066768,
      0.0930228194980652,
      0.05632655167392576,
      0.05051746635814718,
      0.07799705876255397
    ],
    [
      0.08770045147156023,
      0.09346717269244459,
      0.05671131219531302,
      0.0508192572736177,
      0.08626951762731215
    ]
  ],
  "per_client_ebcd_stats": [
    [
      [
        2.08481804834346e-07,
        -0.026953967591968997,
        0.011361159705611027
      ],
      [
        2.3442502794505057e-07,
        0.019852319950901087,
        -0.006903397701597448
      ],
      [
        8.598333472751392e-08,
        0.04735930221223672,
        -0.012157335165118412
      ],
      [
        6.91672739145193e-08,
        -0.021682874740931002,
        0.003223436328115022
      ],
      [
        1.6485109469396046e-07,
        -0.024057075370296666,
        0.0078267359269887
      ]
    ],
    [
      [
        2.084367007526619e-07,
        0.003454833329764817,
        -0.019067400756205246
      ],
      [
        2.3676546927503795e-07,
        0.022743257686944407,
        0.010348724077468261
      ],
      [
        8.720696444782567e-08,
        0.01229716784777235,
        -0.009577022841326763
      ],
      [
        7.002553120869758e-08,
        0.013147189871198783,
        0.02884000047361931
      ],
      [
        2.016300608623888e-07,
        0.006005450486940234,
        0.00371617217760834
      ]
    ]
  ],
  "per_client_zkip_status": [
    [
      true,
      true,
      true,
      true,
      true
    ],
    [
      true,
      true,
      true,
      true,
      true
    ]
  ],
  "per_client_epsilon": [
    [
      3.111067071761333,
      3.1321244941940103,
      3.111067071761333,
      3.111067071761333,
      3.189601316169167
    ],
    [
      4.519634182046234,
      4.514146184957875,
      4.519634182046234,
      4.519634182046234,
      4.425477612030049
    ]
  ],
  "per_client_noise_multiplier": [
    [
      1.6405687461649179,
      2.2192334480182057,
      1.6405687461649179,
      1.6405687461649179,
      1.877247830921844
    ],
    [
      1.6405687461649179,
      2.2192334480182057,
      1.6405687461649179,
      1.6405687461649179,
      1.877247830921844
    ]
  ],
  "privacy_accounting_records": [
    {
      "method": "apdp_rtfl",
      "client_id": "client_0",
      "round": 1,
      "steps": 1,
      "sample_rate": 1.0,
      "noise_multiplier": 1.6405687461649179,
      "cumulative_epsilon": 3.111067071761333,
      "incremental_epsilon": 3.111067071761333,
      "target_epsilon": 5.0,
      "remaining_epsilon": 1.8889329282386669,
      "status": "spent"
    },
    {
      "method": "apdp_rtfl",
      "client_id": "client_1",
      "round": 1,
      "steps": 2,
      "sample_rate": 0.927536231884058,
      "noise_multiplier": 2.2192334480182057,
      "cumulative_epsilon": 3.1321244941940103,
      "incremental_epsilon": 3.1321244941940103,
      "target_epsilon": 5.0,
      "remaining_epsilon": 1.8678755058059897,
      "status": "spent"
    },
    {
      "method": "apdp_rtfl",
      "client_id": "client_2",
      "round": 1,
      "steps": 1,
      "sample_rate": 1.0,
      "noise_multiplier": 1.6405687461649179,
      "cumulative_epsilon": 3.111067071761333,
      "incremental_epsilon": 3.111067071761333,
      "target_epsilon": 5.0,
      "remaining_epsilon": 1.8889329282386669,
      "status": "spent"
    },
    {
      "method": "apdp_rtfl",
      "client_id": "client_3",
      "round": 1,
      "steps": 1,
      "sample_rate": 1.0,
      "noise_multiplier": 1.6405687461649179,
      "cumulative_epsilon": 3.111067071761333,
      "incremental_epsilon": 3.111067071761333,
      "target_epsilon": 5.0,
      "remaining_epsilon": 1.8889329282386669,
      "status": "spent"
    },
    {
      "method": "apdp_rtfl",
      "client_id": "client_4",
      "round": 1,
      "steps": 2,
      "sample_rate": 0.6808510638297872,
      "noise_multiplier": 1.877247830921844,
      "cumulative_epsilon": 3.189601316169167,
      "incremental_epsilon": 3.189601316169167,
      "target_epsilon": 5.0,
      "remaining_epsilon": 1.810398683830833,
      "status": "spent"
    },
    {
      "method": "apdp_rtfl",
      "client_id": "client_0",
      "round": 2,
      "steps": 1,
      "sample_rate": 1.0,
      "noise_multiplier": 1.6405687461649179,
      "cumulative_epsilon": 4.519634182046234,
      "incremental_epsilon": 1.408567110284901,
      "target_epsilon": 5.0,
      "remaining_epsilon": 0.480365817953766,
      "status": "spent"
    },
    {
      "method": "apdp_rtfl",
      "client_id": "client_1",
      "round": 2,
      "steps": 2,
      "sample_rate": 0.927536231884058,
      "noise_multiplier": 2.2192334480182057,
      "cumulative_epsilon": 4.514146184957875,
      "incremental_epsilon": 1.3820216907638647,
      "target_epsilon": 5.0,
      "remaining_epsilon": 0.485853815042125,
      "status": "spent"
    },
    {
      "method": "apdp_rtfl",
      "client_id": "client_2",
      "round": 2,
      "steps": 1,
      "sample_rate": 1.0,
      "noise_multiplier": 1.6405687461649179,
      "cumulative_epsilon": 4.519634182046234,
      "incremental_epsilon": 1.408567110284901,
      "target_epsilon": 5.0,
      "remaining_epsilon": 0.480365817953766,
      "status": "spent"
    },
    {
      "method": "apdp_rtfl",
      "client_id": "client_3",
      "round": 2,
      "steps": 1,
      "sample_rate": 1.0,
      "noise_multiplier": 1.6405687461649179,
      "cumulative_epsilon": 4.519634182046234,
      "incremental_epsilon": 1.408567110284901,
      "target_epsilon": 5.0,
      "remaining_epsilon": 0.480365817953766,
      "status": "spent"
    },
    {
      "method": "apdp_rtfl",
      "client_id": "client_4",
      "round": 2,
      "steps": 2,
      "sample_rate": 0.6808510638297872,
      "noise_multiplier": 1.877247830921844,
      "cumulative_epsilon": 4.425477612030049,
      "incremental_epsilon": 1.2358762958608818,
      "target_epsilon": 5.0,
      "remaining_epsilon": 0.5745223879699513,
      "status": "spent"
    }
  ],
  "regulatory_records": [],
  "regulatory_warning_counts": [
    0,
    0
  ],
  "regulatory_downweight_counts": [
    0,
    0
  ],
  "regulatory_quarantine_counts": [
    0,
    0
  ],
  "regulatory_avg_risks": [
    0.0,
    0.0
  ],
  "pollution_records": [],
  "fairness_records": [],
  "client_accuracy_gaps": [
    0.0,
    0.0
  ],
  "client_accuracy_stds": [
    0.0,
    0.0
  ],
  "client_min_accuracies": [
    null,
    null
  ],
  "epsilon_gaps": [
    0.0,
    0.0
  ],
  "epsilon_stds": [
    0.0,
    0.0
  ],
  "participation_gaps": [
    0.0,
    0.0
  ],
  "participation_stds": [
    0.0,
    0.0
  ],
  "contribution_records": [],
  "avg_contribution_scores": [
    0.0,
    0.0
  ],
  "contribution_score_gaps": [
    0.0,
    0.0
  ],